{
  "$schema": "https://raw.githubusercontent.com/grafana/grafana/main/docs/sources/developers/plugins/plugin.schema.json",
  "type": "datasource",
  "name": "Azurecost Backend",
  "id": "dfe-azurecostbackend-datasource",
  "metrics": true,
  "backend": true,
  "executable": "gpx_azurecost_backend",
  "info": {
    "description": "Azure cost backend",
    "author": {
      "name": "Df e"
    },
    "keywords": ["datasource"],
    "logos": {
      "small": "img/logo.svg",
      "large": "img/logo.svg"
    },
    "links": [],
    "screenshots": [],
    "version": "1.0.2",
    "updated": "2023-12-13"
  },
  "dependencies": {
    "grafanaDependency": ">=10.0.3",
    "plugins": []
  }
}
